uniprot_id,mutation,delta_hydro,delta_mw,delta_pi,target_ddg,predicted_ddg
P04637,H259P,1.6,-40.099999999999994,-1.29,-0.30882858469887675,-0.42098002026190556
P04637,R342G,4.1,-99.1,-4.79,-0.9873264301171181,-1.1482392684126983
P04637,P4M,3.5,34.099999999999994,-0.5599999999999996,-2.5467311461899307,-2.594033512450517
P04637,L298C,-1.2999999999999998,-9.999999999999986,-0.9100000000000001,1.0823029856408022,0.7884291521586558
P04637,M479Q,-5.4,-3.0,-0.08999999999999986,3.2615846625276665,3.1942989269911157
P04637,K384P,2.3,-31.099999999999994,-3.4400000000000004,-0.936913695694918,-1.2142553260798217
P04637,A27D,-5.3,44.0,-3.23,2.6779212815507387,2.6192788124920576
P04637,G484D,-3.1,58.0,-3.1999999999999997,1.0667434729152907,0.9406373000383568
P04637,I344Y,-5.8,50.0,-0.35999999999999943,2.683052561406505,2.6837719293701428
P04637,I253N,-8.0,0.9000000000000057,-0.6099999999999994,4.840756004358596,4.508268654439306
P04637,A174P,-3.4000000000000004,26.0,0.2999999999999998,1.6036582307187537,1.6212169037412805
P04637,S212E,-2.7,42.0,-2.4599999999999995,0.9434270246429745,0.9443810023394077
P04637,A27F,0.9999999999999998,76.1,-0.5199999999999996,-1.7173037728433964,-1.7552959151436744
P04637,L236C,-1.2999999999999998,-9.999999999999986,-0.9100000000000001,0.7386719755342199,0.7884291521586558
P04637,Y312E,-2.2,-34.099999999999994,-2.44,1.6590082167486966,1.753748008137857
P04637,A160G,-2.2,-14.0,-0.03000000000000025,1.4737712470759028,1.565842018343036
P04637,L124F,-1.0,34.0,-0.5,-0.011283112033442413,-0.01334348371228843
P04637,P162F,4.4,50.099999999999994,-0.8199999999999994,-3.3600752667404725,-3.367361542755445
P04637,A168F,0.9999999999999998,76.1,-0.5199999999999996,-1.832302407552121,-1.7552959151436744
P04637,D352H,0.2999999999999998,22.099999999999994,4.82,-0.652730370133529,-0.610066024786894
P04637,L402R,-8.3,43.0,4.779999999999999,4.481564876892156,4.403415288546773
P04637,R249E,1.0,-27.099999999999994,-7.539999999999999,-0.21607763004865363,-0.14831742881084406
P04637,T323R,-3.8,55.099999999999994,5.16,1.4602528204687923,1.4326191557812917
P04637,K255C,6.4,-24.999999999999986,-4.67,-3.6074748186213457,-3.56435211368821
P04637,P102Q,-1.9,31.099999999999994,-0.6499999999999995,0.6190617275474817,0.7393686295842633
P04637,D300A,5.3,-44.0,3.23,-2.508907741029013,-2.435971994617594
P04637,C370M,-0.6000000000000001,27.999999999999986,0.6699999999999999,-0.17509935774223,-0.0750557453134944
P04637,T241V,4.9,-2.0,0.3600000000000003,-2.872430198165433,-2.935157283633206
P04637,L183F,-1.0,34.0,-0.5,0.029936131008119468,-0.01334348371228843
P04637,D130V,7.7,-16.0,3.19,-4.409169374979328,-4.311730716963197
P04637,A281N,-5.3,43.0,-0.5899999999999999,2.47482933877706,2.5361173577912246
P04637,S49M,2.7,44.099999999999994,0.0600000000000005,-2.096272181549106,-2.261206378869479
P04637,H306K,-0.6999999999999997,-9.0,2.1500000000000004,0.5536502775262064,0.45251619005492905
P04637,R249E,1.0,-27.099999999999994,-7.539999999999999,-0.29927109289559006,-0.14831742881084406
P04637,Q194D,0.0,-13.099999999999994,-2.8800000000000003,0.2787544912103188,0.23626956541388652
P04637,L382N,-7.3,0.9000000000000057,-0.5700000000000003,4.244415635002897,4.389847891332641
P04637,V264I,0.2999999999999998,14.099999999999994,0.05999999999999961,-0.3706136404995243,-0.3534099411051484
P04637,P283S,0.8,-10.0,-0.6200000000000001,-0.5259670123879775,-0.37458624403514434
P04637,P165F,4.4,50.099999999999994,-0.8199999999999994,-3.5243186048898427,-3.367361542755445
P04637,A128N,-5.3,43.0,-0.5899999999999999,2.554686123586912,2.5361173577912246
P04637,E351F,6.3,18.099999999999994,2.2600000000000002,-3.9776533420004587,-3.9737410591911075
P04637,I39Q,-8.0,15.0,-0.3699999999999992,4.592136828118997,4.545699546334435
P04637,P315Y,0.30000000000000004,66.1,-0.6399999999999997,-1.1830648282388239,-1.2824962283199879
P04637,N292K,-0.3999999999999999,14.099999999999994,4.33,-0.001610369558928855,0.02182236985351205
P04637,R249F,7.3,-9.0,-5.279999999999999,-4.392852199036743,-4.332251064727779
P04637,M17C,0.6000000000000001,-27.999999999999986,-0.6699999999999999,-0.011984420839471141,-0.11343643065121142
P04637,V238I,0.2999999999999998,14.099999999999994,0.05999999999999961,-0.43756387709597855,-0.3534099411051484
P04637,L221P,-5.4,-16.099999999999994,0.3199999999999994,3.5872122226218917,3.4956707145927375
P04637,A281P,-3.4000000000000004,26.0,0.2999999999999998,1.684361828956846,1.6212169037412805
P04637,S461W,-0.09999999999999998,99.1,0.20999999999999996,-1.6028040155362733,-1.4871561871301013
P04637,D110P,1.9,-18.0,3.53,-0.8375916030605204,-0.8995898539100656
P04637,G419N,-3.1,57.0,-0.5599999999999996,0.9664917719583682,1.0183460185539974
P04637,S185G,0.4,-30.0,0.29000000000000004,0.14230779996940407,0.05526881728114464
P04637,R28Q,1.0,-28.0,-5.109999999999999,-0.1188323711159132,-0.11708399775570254
P04637,E379S,2.7,-42.0,2.4599999999999995,-0.886900047750405,-0.9612824289392989
P04637,N37R,-1.0,42.099999999999994,5.35,0.06162801191162,-0.01281254430818247
P04637,D374T,2.8,-14.0,2.8299999999999996,-1.553921752322264,-1.4612990441651343
P04637,P283F,4.4,50.099999999999994,-0.8199999999999994,-3.4224212375851213,-3.367361542755445
P04637,F199R,-7.3,9.0,5.279999999999999,4.2781263431403564,4.28420681776575
P04637,H269N,-0.2999999999999998,-23.099999999999994,-2.1799999999999997,0.6240545127122357,0.5849128221639309
P04637,S275G,0.4,-30.0,0.29000000000000004,0.16208257621547095,0.05526881728114464
P04637,I59G,-4.9,-56.099999999999994,-0.04999999999999982,3.762934102333618,3.5772362954023174
P04637,V367R,-8.7,57.099999999999994,4.8,4.252866502599398,4.379649972913845
P04637,C330Y,-3.8,59.999999999999986,0.5899999999999999,1.2603793375919328,1.3524386815885905
P04637,L464I,0.7000000000000002,0.0,0.03999999999999915,-0.33874741776058026,-0.34855798643134805
P04637,N404Q,0.0,14.099999999999994,0.2400000000000002,-0.07587599714291762,-0.15431392307490133
P04637,H389I,7.7,-24.0,-1.5700000000000003,-4.267201012158033,-4.234428513765109
P04637,D446S,2.7,-28.0,2.9099999999999997,-1.0996467102107979,-1.2154969751502858
P04637,S212P,-0.8,10.0,0.6200000000000001,0.3661636025047634,0.26556556810771814
P04637,R155F,7.3,-9.0,-5.279999999999999,-4.309511975460513,-4.332251064727779
P04637,V213R,-8.7,57.099999999999994,4.8,4.399639560550842,4.379649972913845
P04637,P175K,-2.3,31.099999999999994,3.4400000000000004,1.067303656646597,1.0202020522221575
P04637,S409T,0.10000000000000009,14.0,-0.08000000000000007,-0.27358260391099515,-0.24898592389308277
P04637,I426C,-2.0,-9.999999999999986,-0.9499999999999993,1.5064643655814003,1.2111448910642435
P04637,K223M,5.8,3.0,-4.0,-3.7869745104089745,-3.6891616024094036
P04637,S62F,3.5999999999999996,60.099999999999994,-0.1999999999999993,-2.979309749562477,-3.037230452809527
P04637,T144I,5.2,12.099999999999994,0.41999999999999993,-3.292795293176183,-3.558845749037917
P04637,P416W,0.7000000000000001,89.1,-0.41000000000000014,-1.7864007350465867,-1.6307715170105948
P04637,M434W,-2.8,55.0,0.14999999999999947,0.8641760776535502,0.8286093066907191
P04637,E81Y,2.2,34.099999999999994,2.44,-2.0302568914600894,-2.0354080430352046
P04637,E440G,3.1,-72.0,2.7499999999999996,-0.801967188783751,-0.7613598709462793
P04637,N381A,5.3,-43.0,0.5899999999999999,-2.499288742848825,-2.435971994617594
P04637,L382H,-7.0,24.0,1.6099999999999994,3.9877894044741518,4.052952142493393
P04637,P242Q,-1.9,31.099999999999994,-0.6499999999999995,0.6216729781726352,0.7393686295842633
P04637,P395C,4.1,6.1000000000000085,-1.2299999999999995,-2.632349360289318,-2.1944135405906717
P04637,S334I,5.3,26.099999999999994,0.33999999999999986,-3.621675704358453,-3.6016738182955037
P04637,R429N,1.0,-42.099999999999994,-5.35,0.12304021177020728,0.06866296640319723
P04637,I347S,-5.3,-26.099999999999994,-0.33999999999999986,3.604375110965968,3.548100277217938
P01308,Y109E,-2.2,-34.099999999999994,-2.44,1.7785239796232961,1.753748008137857
P01308,R125A,6.3,-85.1,-4.76,-2.4521732566886643,-2.588516837708036
P01308,M74D,-5.4,-16.099999999999994,-2.97,3.491207754934804,3.4724685886821423
P01308,P121N,-1.9,17.0,-0.8899999999999997,0.9818644990532888,0.9662910658588215
P01308,S102M,2.7,44.099999999999994,0.0600000000000005,-2.351705309387735,-2.261206378869479
P01308,L83Y,-5.1,50.0,-0.3200000000000003,2.277233785340223,2.3306225059513745
P01308,N27V,7.7,-15.0,0.5499999999999998,-4.434210815313216,-4.3884742595541635
P01308,L79T,-4.5,-12.099999999999994,-0.3800000000000008,2.7351485051867876,2.9814776373126572
P01308,L131T,-4.5,-12.099999999999994,-0.3800000000000008,2.9111120277064573,2.9814776373126572
P01308,A144N,-5.3,43.0,-0.5899999999999999,2.561105527217989,2.5361173577912246
P01308,C166T,-3.2,-2.1000000000000085,0.5299999999999994,1.952011345664246,1.8325251383965664
P01308,S23H,-2.4000000000000004,50.099999999999994,1.9100000000000001,0.6650412866624856,0.7290227096783728
P01308,H98E,-0.2999999999999998,-8.099999999999994,-4.369999999999999,0.15996292579495833,0.2509126190457194
P01308,N96Y,2.2,49.099999999999994,0.25,-2.098564532276536,-2.1800468975653393
P01308,N27E,0.0,15.0,-2.19,-0.25927145165267695,-0.2895250996361903
P01308,A107F,0.9999999999999998,76.1,-0.5199999999999996,-1.8217277269221617,-1.7552959151436744
P01308,N27T,2.8,-13.0,0.1899999999999995,-1.5011285711666007,-1.4872183602701865
P01308,A81M,0.09999999999999987,60.099999999999994,-0.2599999999999998,-0.921094914318546,-1.0086352205725861
P01308,I169R,-9.0,43.0,4.74,4.943618590121052,4.679789365400902
P01308,A38G,-2.2,-14.0,-0.03000000000000025,1.547457781283184,1.565842018343036
P01308,N96W,2.6,72.1,0.47999999999999954,-2.6157449609277235,-2.386602546271565
P01308,R125D,1.0,-41.099999999999994,-7.99,0.00905540842338325,0.04171921010077467
P01308,H103L,7.0,-24.0,-1.6099999999999994,-4.031877121529904,-4.082171271234378
P01308,R159S,3.7,-69.1,-5.08,-1.1861513875449219,-1.1876792966726084
P01308,I161W,-5.4,73.0,-0.1299999999999999,2.1510230209941033,2.1375663057963576
P01308,P90V,5.800000000000001,2.0,-0.33999999999999986,-3.263675788751472,-3.4729887163829485
P01308,V66N,-7.7,15.0,-0.5499999999999998,4.3757639035218885,4.347742501485198
P01308,Q135D,0.0,-13.099999999999994,-2.8800000000000003,0.22665473423336113,0.23626956541388652
P01308,P88E,-1.9,32.0,-3.0799999999999996,0.6565288230294756,0.7259982269962698
P01308,A92E,-5.3,58.0,-2.78,2.1931321962380466,2.347125415047211
P01308,G145L,4.2,56.099999999999994,0.010000000000000675,-3.247217718548498,-3.17580116154557
P01308,K158L,7.699999999999999,-15.0,-3.76,-4.319806696731322,-4.37207895734511
P01308,Y119I,5.8,-50.0,0.35999999999999943,-2.6508968052956954,-2.5924110390850093
P01308,V66Q,-7.7,29.099999999999994,-0.3099999999999996,4.092561254520526,4.117478126509808
P01308,L150D,-7.3,1.9000000000000057,-3.2100000000000004,4.49177943109361,4.445957652222315
P01308,E128P,1.9,-32.0,3.0799999999999996,-0.800185106279228,-0.8372530137885574
P01308,N54R,-1.0,42.099999999999994,5.35,0.027185709380027172,-0.01281254430818247
P01308,V111F,-1.4000000000000004,48.099999999999994,-0.47999999999999954,0.3375455625809981,0.4604114297128154
P01308,A151P,-3.4000000000000004,26.0,0.2999999999999998,1.550946367486931,1.6212169037412805
P01308,M34N,-5.4,-17.099999999999994,-0.33000000000000007,3.439870227039723,3.438102676054635
P01308,N57C,6.0,-10.899999999999991,-0.33999999999999986,-3.4265348634912356,-3.441617255109678
P01308,V162Y,-5.5,64.1,-0.2999999999999998,2.2881524345883797,2.274828342552531
P01308,L76G,-4.2,-56.099999999999994,-0.010000000000000675,3.2064336568933864,3.1501942953472746
P01308,A93P,-3.4000000000000004,26.0,0.2999999999999998,1.6568562974806027,1.6212169037412805
P01308,M34T,-2.5999999999999996,-30.099999999999994,-0.14000000000000057,1.9052696286273894,1.855881814649172
P01308,C165G,-2.9,-46.10000000000001,0.8999999999999995,2.4788592430635186,2.325692182625951
P01308,F117T,-3.5,-46.099999999999994,0.11999999999999922,2.6995575765766198,2.468107645286171
P01308,N27L,7.3,-0.9000000000000057,0.5700000000000003,-4.211506559498245,-4.30295300689379
P01308,L104G,-4.2,-56.099999999999994,-0.010000000000000675,3.283174670766376,3.1501942953472746
P01308,S1Q,-2.7,41.099999999999994,-0.02999999999999936,0.9712938483794327,0.8233784398342499
P01308,G53N,-3.1,57.0,-0.5599999999999996,1.086351721736967,1.0183460185539974
P01308,P90Y,0.30000000000000004,66.1,-0.6399999999999997,-1.2945864316433953,-1.2824962283199879
P01308,R159Q,1.0,-28.0,-5.109999999999999,-0.15725400653958704,-0.11708399775570254
P01308,K158D,0.3999999999999999,-13.099999999999994,-6.970000000000001,0.08721427542824278,0.018551932561106866
P01308,S65W,-0.09999999999999998,99.1,0.20999999999999996,-1.5872483234561225,-1.4871561871301013
P01308,Y178E,-2.2,-34.099999999999994,-2.44,1.8499633858532303,1.753748008137857
P01308,L156V,0.40000000000000036,-14.099999999999994,-0.020000000000000462,-0.0025117205751579545,-0.05700061116835334
P01308,C165G,-2.9,-46.10000000000001,0.8999999999999995,2.509682287177731,2.325692182625951
P01308,S1I,5.3,26.099999999999994,0.33999999999999986,-3.6951950710878076,-3.6016738182955037
P01308,S58M,2.7,44.099999999999994,0.0600000000000005,-2.4135456613084276,-2.261206378869479
P01308,N180H,0.2999999999999998,23.099999999999994,2.1799999999999997,-0.47430584343830995,-0.4935452773472703
P01308,I21L,-0.7000000000000002,0.0,-0.03999999999999915,0.4496984673233187,0.3825609428329988
P01308,L82Y,-5.1,50.0,-0.3200000000000003,2.335049285034587,2.3306225059513745
P01308,G87R,-4.1,99.1,4.79,1.0081448209496973,1.2561002956506289
P01308,R159A,6.3,-85.1,-4.76,-2.571502472157849,-2.588516837708036
P01308,P149V,5.800000000000001,2.0,-0.33999999999999986,-3.4867746302839,-3.4729887163829485
P01308,I56Q,-8.0,15.0,-0.3699999999999992,4.604307247329868,4.545699546334435
P01308,M34T,-2.5999999999999996,-30.099999999999994,-0.14000000000000057,1.940064858197363,1.855881814649172
P01308,D129C,6.0,-11.899999999999991,2.3000000000000003,-3.234922548885524,-3.367531482665941
P01308,L77A,-1.9999999999999998,-42.099999999999994,0.019999999999999574,1.8788832920911784,1.8239087523082114
P01308,L83R,-8.3,43.0,4.779999999999999,4.215869650279736,4.403415288546773
P01308,C112K,-6.4,24.999999999999986,4.67,3.530655360863383,3.2871276011299506
P01308,I40M,-2.6,18.0,-0.27999999999999936,1.1925318329772678,1.1604294838238058
P01308,N180Q,0.0,14.099999999999994,0.2400000000000002,-0.13279153962575468,-0.15431392307490133
P01308,P142W,0.7000000000000001,89.1,-0.41000000000000014,-1.6406404420992595,-1.6307715170105948
P01308,G145D,-3.1,58.0,-3.1999999999999997,0.9079317681648288,0.9406373000383568
P01308,G141V,4.6000000000000005,42.0,-0.009999999999999787,-3.293662387075568,-3.1898825650934857
P01308,L72I,0.7000000000000002,0.0,0.03999999999999915,-0.37872190730635025,-0.34855798643134805
P01308,N22T,2.8,-13.0,0.1899999999999995,-1.4027939840005508,-1.4872183602701865
P00698,D145V,7.7,-16.0,3.19,-4.190320701734605,-4.311730716963197
P00698,Y112F,4.1,-16.0,-0.17999999999999972,-2.244538811600287,-1.9338872801559168
P00698,V214C,-1.7000000000000002,4.1000000000000085,-0.8899999999999997,0.8831263835642509,0.9743110170962255
P00698,C122Q,-6.0,24.999999999999986,0.5800000000000001,3.1360485570374474,3.0551608996639583
P00698,G142K,-3.5,71.1,3.7700000000000005,0.9519189715034565,1.0927766007313868
P00698,N131L,7.3,-0.9000000000000057,0.5700000000000003,-4.37421017094141,-4.30295300689379
P00698,I151E,-8.0,15.900000000000006,-2.7999999999999994,4.595615197481664,4.536143307602987
P00698,L38R,-8.3,43.0,4.779999999999999,4.362669079933003,4.403415288546773
P00698,Q133E,0.0,0.9000000000000057,-2.43,0.0692183249036023,0.010876828740320968
P00698,S77T,0.10000000000000009,14.0,-0.08000000000000007,-0.26869981081220934,-0.24898592389308277
P00698,G220C,2.9,46.10000000000001,-0.8999999999999995,-2.2861465922842683,-2.295381452641982
P00698,K125F,6.699999999999999,19.0,-4.26,-4.3314656833237954,-4.206730889780815
P00698,L223R,-8.3,43.0,4.779999999999999,4.607016916658963,4.403415288546773
P00698,S116T,0.10000000000000009,14.0,-0.08000000000000007,-0.2074332652234994,-0.24898592389308277
P00698,C157G,-2.9,-46.10000000000001,0.8999999999999995,2.345784244358372,2.325692182625951
P00698,N170T,2.8,-13.0,0.1899999999999995,-1.592089249806111,-1.4872183602701865
P00698,N131Q,0.0,14.099999999999994,0.2400000000000002,-0.16325275847568138,-0.15431392307490133
P00698,N200I,8.0,-0.9000000000000057,0.6099999999999994,-4.8088462785325845,-4.333619835213973
P00698,D180L,7.3,-1.9000000000000057,3.2100000000000004,-4.280099950590791,-4.273177028197124
P00698,N158F,6.3,33.099999999999994,0.07000000000000028,-4.229176237542645,-4.075332207283175
P00698,Y112L,5.1,-50.0,0.3200000000000003,-2.317282891265687,-2.4018568930336
P00698,S179F,3.5999999999999996,60.099999999999994,-0.1999999999999993,-3.14617937180684,-3.037230452809527
P00698,L81F,-1.0,34.0,-0.5,-0.061484722468586495,-0.01334348371228843
P00698,L11F,-1.0,34.0,-0.5,0.045348504793297856,-0.01334348371228843
P00698,F95L,1.0,-34.0,0.5,-0.0043601205676527255,-0.012807880361445034
P00698,N186Q,0.0,14.099999999999994,0.2400000000000002,-0.1900906255869795,-0.15431392307490133
P00698,N111E,0.0,15.0,-2.19,-0.34957387787119876,-0.2895250996361903
P00698,E99F,6.3,18.099999999999994,2.2600000000000002,-4.034181907414881,-3.9737410591911075
P00698,Q215S,2.7,-41.099999999999994,0.02999999999999936,-0.9649682620271166,-1.0250797342199964
P00698,P172G,1.2000000000000002,-40.0,-0.33000000000000007,-0.20838574362011342,-0.10169270189229193
P00698,I148R,-9.0,43.0,4.74,4.770372510594552,4.679789365400902
P00698,F130K,-6.699999999999999,-19.0,4.26,4.3108208718446,3.94536859525063
P00698,G36Y,-0.9,106.1,-0.3099999999999996,-1.1657970297830622,-1.0344291673265689
P00698,S116V,5.0,12.0,0.28000000000000025,-3.144221263965172,-3.1316981022792896
P00698,I151Y,-5.8,50.0,-0.35999999999999943,2.7860784526368234,2.6837719293701428
P00698,S70L,4.6,26.099999999999994,0.3000000000000007,-3.043194875682472,-3.0839866380016927
P00698,G195K,-3.5,71.1,3.7700000000000005,1.1388802052034905,1.0927766007313868
P00698,R106A,6.3,-85.1,-4.76,-2.641266936795709,-2.588516837708036
P00698,A103M,0.09999999999999987,60.099999999999994,-0.2599999999999998,-1.0552825039915121,-1.0086352205725861
P00698,N129S,2.7,-27.0,0.2699999999999996,-1.1634964732791342,-1.392608257734959
P00698,G118E,-3.1,72.0,-2.7499999999999996,0.8313785950912207,0.8919628381672036
P00698,Q150W,2.6,58.0,0.23999999999999932,-2.3784952313693952,-2.334891715841838
P00698,L38T,-4.5,-12.099999999999994,-0.3800000000000008,3.2667731490654717,2.9814776373126572
P00698,G36A,2.2,14.0,0.03000000000000025,-1.4729109489306833,-1.728285711446742
P00698,G108N,-3.1,57.0,-0.5599999999999996,1.1185565640180597,1.0183460185539974
P00698,R222D,1.0,-41.099999999999994,-7.99,0.1119001763493202,0.04171921010077467
P00698,P163V,5.800000000000001,2.0,-0.33999999999999986,-3.4448608748694203,-3.4729887163829485
P00698,S143C,3.3,16.10000000000001,-0.6099999999999994,-2.2530269244640344,-2.0306250954116196
P00698,G198N,-3.1,57.0,-0.5599999999999996,1.0808969220493265,1.0183460185539974
P00698,L109V,0.40000000000000036,-14.099999999999994,-0.020000000000000462,-0.1057825214537575,-0.05700061116835334
P00698,W156A,2.7,-115.1,0.11000000000000032,0.08281813932599894,-0.18001504760589535
P00698,A103I,2.7,42.099999999999994,0.019999999999999574,-2.3000363547829106,-2.277506386421408
P00698,L38C,-1.2999999999999998,-9.999999999999986,-0.9100000000000001,0.9381874139386319,0.7884291521586558
P00698,L81M,-1.9,18.0,-0.2400000000000002,1.1014658566673508,0.9872535534485184
P00698,K105T,3.2,-27.099999999999994,-4.140000000000001,-1.700226519259175,-1.5596904581022313
P00698,P163N,-1.9,17.0,-0.8899999999999997,0.9536260190374513,0.9662910658588215
P00698,E127H,0.2999999999999998,8.099999999999994,4.369999999999999,-0.46277158711896493,-0.47847568098523213
P00698,W155M,2.8,-55.0,-0.14999999999999947,-0.9021931865789433,-1.0091570327853958
P00698,W205F,3.6999999999999997,-39.0,-0.40999999999999925,-1.5261049403032632,-1.4341322505969187
P00698,L88D,-7.3,1.9000000000000057,-3.2100000000000004,4.357928001909546,4.445957652222315
P00698,R219P,2.9,-59.099999999999994,-4.46,-0.9612744777929307,-0.963521777199163
P00698,L39Y,-5.1,50.0,-0.3200000000000003,2.238469629074003,2.3306225059513745
P00698,Y62C,3.8,-59.999999999999986,-0.5899999999999999,-1.3120402251065324,-1.3252239093035483
P00698,G114P,-1.2000000000000002,40.0,0.33000000000000007,0.046963336828286434,0.204387858113887
P00698,T136L,4.5,12.099999999999994,0.3800000000000008,-2.859854141041802,-2.946643991092545
P00698,D141W,2.6,71.1,3.1199999999999997,-2.6219428160096188,-2.5415402775429836
P68871,G151P,-1.2000000000000002,40.0,0.33000000000000007,0.05483996523941842,0.204387858113887
P68871,E108I,8.0,-15.900000000000006,2.7999999999999994,-4.347105591067467,-4.306649316836467
P68871,E57R,-1.0,27.099999999999994,7.539999999999999,0.2568919022318012,0.13771896741359652
P68871,G25N,-3.1,57.0,-0.5599999999999996,0.8024857413342392,1.0183460185539974
P68871,N19V,7.7,-15.0,0.5499999999999998,-4.376354568523058,-4.3884742595541635
P68871,H164T,2.5,-36.099999999999994,-1.9900000000000002,-1.024678646476839,-1.074327046273244
P68871,F205T,-3.5,-46.099999999999994,0.11999999999999922,2.8767433334796224,2.468107645286171
P68871,V140S,-5.0,-12.0,-0.28000000000000025,3.10074792615673,3.110356464065946
P68871,H179E,-0.2999999999999998,-8.099999999999994,-4.369999999999999,0.2900263558533099,0.2509126190457194
P68871,M86V,2.3000000000000003,-32.099999999999994,0.21999999999999975,-0.8480012721019545,-1.1376163298783204
P68871,G111Y,-0.9,106.1,-0.3099999999999996,-0.9649244805829877,-1.0344291673265689
P68871,S53I,5.3,26.099999999999994,0.33999999999999986,-3.691529640705577,-3.6016738182955037
P68871,Y233R,-3.2,-7.0,5.1,1.991549876415905,1.887679253063955
P68871,M141N,-5.4,-17.099999999999994,-0.33000000000000007,3.4490054688839047,3.438102676054635
P68871,M50W,-2.8,55.0,0.14999999999999947,0.7896670767426288,0.8286093066907191
P68871,N30A,5.3,-43.0,0.5899999999999999,-2.35845457597189,-2.435971994617594
P68871,K208C,6.4,-24.999999999999986,-4.67,-3.4245018289039044,-3.56435211368821
P68871,V185H,-7.4,38.099999999999994,1.63,3.742411604566496,3.8971316758599626
P68871,E41K,-0.3999999999999999,-0.9000000000000057,6.52,0.3452861947054776,0.21864906540505544
P68871,A113V,2.4000000000000004,28.0,-0.040000000000000036,-1.6477843802987366,-1.765682548254432
P68871,F158Y,-4.1,16.0,0.17999999999999972,2.3232465260551143,2.1653281983850103
P68871,V140T,-4.9,2.0,-0.3600000000000003,2.7580630034045988,2.817919464210515
P68871,L162A,-1.9999999999999998,-42.099999999999994,0.019999999999999574,1.7830765927133745,1.8239087523082114
P68871,G194M,2.3,74.1,-0.22999999999999954,-2.3648088850813376,-2.3300014316570867
P68871,E209K,-0.3999999999999999,-0.9000000000000057,6.52,0.1827330534381219,0.21864906540505544
P68871,Y121C,3.8,-59.999999999999986,-0.5899999999999999,-1.335618057185377,-1.3252239093035483
P68871,D138L,7.3,-1.9000000000000057,3.2100000000000004,-4.274036594657066,-4.273177028197124
P68871,V87W,-5.1000000000000005,87.1,-0.07000000000000028,1.660806952842192,1.8457637243049196
P68871,L193M,-1.9,18.0,-0.2400000000000002,0.8640474643938199,0.9872535534485184
P68871,V82M,-2.3000000000000003,32.099999999999994,-0.21999999999999975,0.574373265993093,0.687389974003177
P68871,H231F,6.0,10.0,-2.1099999999999994,-3.8524387641334283,-3.797361472899839
P68871,H203F,6.0,10.0,-2.1099999999999994,-3.7752568151393158,-3.797361472899839
P68871,V147E,-7.7,30.0,-2.7399999999999998,4.045221681803515,4.14648804741674
P68871,L117N,-7.3,0.9000000000000057,-0.5700000000000003,4.5297411303931625,4.389847891332641
P68871,M86H,-5.1,6.0,1.8499999999999996,2.8269858622039363,2.8789140717250166
P68871,D107R,-1.0,41.099999999999994,7.99,-0.06050444866969834,-0.009555777443918015
P68871,V140H,-7.4,38.099999999999994,1.63,3.8815740577286095,3.8971316758599626
P68871,H48D,-0.2999999999999998,-22.099999999999994,-4.82,0.6556273289066115,0.5751524293521192
P68871,T171F,3.5,46.099999999999994,-0.11999999999999922,-2.935086215117944,-2.865544314964918
P68871,E57L,7.3,-15.900000000000006,2.7600000000000002,-4.025183624784503,-4.129800742199533
P68871,R191D,1.0,-41.099999999999994,-7.99,0.017523306101958663,0.04171921010077467
P68871,K148I,8.4,-15.0,-3.7200000000000006,-4.913150865104796,-4.714103899264573
P68871,A202H,-5.0,66.1,1.5899999999999999,2.0547103474263273,2.0780542280738996
P68871,A230P,-3.4000000000000004,26.0,0.2999999999999998,1.6699059695573468,1.6212169037412805
P68871,E129M,5.4,2.0999999999999943,2.52,-3.3315216877158798,-3.361024750062681
P68871,M17I,2.6,-18.0,0.27999999999999936,-1.2830197915009982,-1.320203641370628
P68871,D160C,6.0,-11.899999999999991,2.3000000000000003,-3.460031359686176,-3.367531482665941
P68871,N58Q,0.0,14.099999999999994,0.2400000000000002,-0.2001482654748751,-0.15431392307490133
P68871,A163G,-2.2,-14.0,-0.03000000000000025,1.5962130674521047,1.565842018343036
P68871,A202W,-2.7,115.1,-0.11000000000000032,0.052101681614535406,0.3030574136581439
P68871,H48W,2.3000000000000003,49.0,-1.7000000000000002,-2.238781549882685,-2.212817403660658
P68871,E177N,0.0,-15.0,2.19,0.43830333746562666,0.20895378053046812
P68871,G194Q,-3.1,71.1,-0.3199999999999994,0.5982912200477499,0.966068648282265
P68871,G151D,-3.1,58.0,-3.1999999999999997,0.9748214904964415,0.9406373000383568
P68871,C180H,-5.7,33.999999999999986,2.5199999999999996,2.9688317206484576,3.0482315462486844
P68871,G161Y,-0.9,106.1,-0.3099999999999996,-1.0234008132264967,-1.0344291673265689
P68871,T90V,4.9,-2.0,0.3600000000000003,-2.9722699519820597,-2.935157283633206
P68871,D138V,7.7,-16.0,3.19,-4.400812225035727,-4.311730716963197
P68871,R116W,3.6,30.0,-4.87,-2.6593000934658835,-2.603485723567065
P68871,C180I,2.0,9.999999999999986,0.9499999999999993,-1.408936475694421,-1.2103381357663574
P68871,V87C,-1.7000000000000002,4.1000000000000085,-0.8899999999999997,1.0434602097021024,0.9743110170962255
P68871,S95E,-2.7,42.0,-2.4599999999999995,1.0257015485965049,0.9443810023394077
P68871,S53A,2.6,-16.0,0.3200000000000003,-1.3892909595260654,-1.3660685824276495
P68871,L178N,-7.3,0.9000000000000057,-0.5700000000000003,4.456459987543324,4.389847891332641
P68871,D181V,7.7,-16.0,3.19,-4.349270047912339,-4.311730716963197
P68871,G111E,-3.1,72.0,-2.7499999999999996,0.8612862118838958,0.8919628381672036
P68871,S176W,-0.09999999999999998,99.1,0.20999999999999996,-1.3635371158076386,-1.4871561871301013
P68871,R116G,4.1,-99.1,-4.79,-1.056399501092207,-1.1482392684126983
P68871,V198A,-2.4000000000000004,-28.0,0.040000000000000036,1.8039818959803031,1.818159213741426
P68871,K152P,2.3,-31.099999999999994,-3.4400000000000004,-0.8387706394876738,-1.2142553260798217
P68871,H11G,2.8000000000000003,-80.1,-1.62,-0.4174629734566539,-0.6010370028521727
P68871,K148T,3.2,-27.099999999999994,-4.140000000000001,-1.515590159396415,-1.5596904581022313
P68871,K232Y,2.5999999999999996,35.0,-4.08,-2.073267261669122,-2.0927042603220394
P68871,S46V,5.0,12.0,0.28000000000000025,-3.0522335104211575,-3.1316981022792896
P68871,T38I,5.2,12.099999999999994,0.41999999999999993,-3.360657138883583,-3.558845749037917
P68871,A228V,2.4000000000000004,28.0,-0.040000000000000036,-1.8052902618829962,-1.765682548254432
P68871,P144G,1.2000000000000002,-40.0,-0.33000000000000007,-0.1402192652433895,-0.10169270189229193
